Id446,ctx16,res2_read,Id222,ctx16,T
Id236,ctx11,res329_exe,Id287,ctx11,T
Id249,ctx12,res22_exe,Id145,ctx12,T
Id137,ctx14,res448_read,Id408,ctx14,T
Id446,ctx16,res497_write,Id100,ctx16,T
Id118,ctx20,res213_exe,Id203,ctx20,T
Id159,ctx6,res483_exe,Id233,ctx6,T
Id22,ctx5,res212_exe,Id256,ctx5,T
Id86,ctx7,res27_read,Id251,ctx7,T
Id134,ctx1,res106_read,Id31,ctx1,T
Id208,ctx12,res159_exe,Id125,ctx12,T
Id320,ctx15,res69_exe,Id85,ctx15,T
Id251,ctx2,res256_exe,Id329,ctx2,T
Id327,ctx2,res256_exe,Id329,ctx2,T
Id144,ctx6,res259_exe,Id76,ctx6,T
Id184,ctx6,res259_exe,Id76,ctx6,T
Id453,ctx8,res115_read,Id305,ctx8,T
Id335,ctx8,res372_write,Id204,ctx8,T
Id106,ctx14,res140_exe,Id106,ctx14,T
Id418,ctx4,res203_exe,Id200,ctx4,T
Id400,ctx4,res203_exe,Id200,ctx4,T
