Id363,ctx16,res421_read,Id215,ctx16,D
Id222,ctx16,res488_read,Id215,ctx16,D
Id86,ctx7,res3_read,Id71,ctx7,D
Id439,ctx7,res309_exe,Id71,ctx7,D
Id251,ctx7,res449_exe,Id71,ctx7,D
Id399,ctx9,res337_read,Id14,ctx9,D
Id477,ctx9,res260_read,Id14,ctx9,D
Id125,ctx13,res480_exe,Id97,ctx13,D
Id386,ctx14,res493_write,Id285,ctx14,D
Id386,ctx14,res493_exe,Id285,ctx14,D
Id125,ctx12,res76_write,Id401,ctx12,D
Id125,ctx12,res76_exe,Id401,ctx12,D
Id303,ctx19,res86_exe,Id443,ctx19,D
Id200,ctx4,res332_exe,Id230,ctx4,D
Id165,ctx10,res451_exe,Id438,ctx10,D
Id87,ctx5,res275_exe,Id409,ctx5,D
Id1,ctx5,res347_read,Id409,ctx5,D
Id100,ctx17,res403_read,Id220,ctx17,D
Id438,ctx15,res337_exe,Id242,ctx15,D
Id363,ctx16,res421_read,Id215,ctx16,D
Id222,ctx16,res488_read,Id215,ctx16,D
